elapsed_time,error
0.3577749729156494,
0.3568074703216553,
0.35879015922546387,
0.3674607276916504,
0.3704543113708496,
0.36945438385009766,
0.37229442596435547,
0.3742954730987549,
0.37639617919921875,
0.4199554920196533,
