elapsed_time,error
0.5686078071594238,
0.5685422420501709,
0.5700533390045166,
0.571979284286499,
0.5746102333068848,
0.5739760398864746,
0.5736086368560791,
0.5765392780303955,
0.5828781127929688,
0.5856597423553467,
